Month,Amount
Jan,100
Feb,1000
Jan,100
Feb,1000
Jan,100
Feb,1000
Jan,100
Feb,1000
Jan,100
Feb,1000
Jan,100
Feb,1000
Jan,100
Feb,1000
Jan,100
Feb,1000
Jan,100
Feb,1000
Jan,100
Feb,1000
Jan,100
Feb,1000
Jan,100
Feb,1000
Jan,100
Feb,1000
Jan,100
Feb,1000
Jan,100
Feb,1000
Jan,100
Feb,1000
Jan,100
Feb,1000
Jan,100
Feb,1000
Jan,100
Feb,1000
Jan,100
Feb,1000
Jan,100
Feb,1000
Jan,100
Feb,1000
Jan,100
Feb,1000
Jan,100
Feb,1000
Jan,100
Feb,1000
Jan,100
Feb,1000
Jan,100
Feb,1000
Jan,100
Feb,1000
Jan,100
Feb,1000
Jan,100
Feb,1000
Jan,100
Feb,1000
Jan,100
Feb,1000
Jan,100
Feb,1000
Jan,100
Feb,1000
Jan,100
Feb,1000
Jan,100
Feb,1000
Jan,100
Feb,1000
Jan,100
Feb,1000
Jan,100
Feb,1000
Jan,100
Feb,1000
Jan,100
Feb,1000
Jan,100
Feb,1000
Jan,100
Feb,1000
Jan,100
Feb,1000
Jan,100
Feb,1000
Jan,100
Feb,1000
Jan,100
Feb,1000
Jan,100
Feb,1000
Jan,100
Feb,1000
Jan,100
Feb,1000
Jan,100
Feb,1000
Jan,100
Feb,1000
Jan,100
Feb,1000
Jan,100
Feb,1000
Jan,100
Feb,1000
Jan,100
Feb,1000
Jan,100
Feb,1000
Jan,100
Feb,1000
Jan,100
Feb,1000
Jan,100
Feb,1000
Jan,100
Feb,1000
Jan,100
Feb,1000
Jan,100
Feb,1000
Jan,100
Feb,1000
Jan,100
Feb,1000
Jan,100
Feb,1000
Jan,100
Feb,1000
Jan,100
Feb,1000
Jan,100
Feb,1000
Jan,100
Feb,1000
Jan,100
Feb,1000
Jan,100
Feb,1000
Jan,100
Feb,1000
Jan,100
Feb,1000
Jan,100
Feb,1000
Jan,100
Feb,1000
Jan,100
Feb,1000
Jan,100
Feb,1000
Jan,100
Feb,1000
Jan,100
Feb,1000
Jan,100
Feb,1000
Jan,100
Feb,1000
Jan,100
Feb,1000
Jan,100
Feb,1000
Jan,100
Feb,1000
Jan,100
Feb,1000
Jan,100
Feb,1000
Jan,100
Feb,1000
Jan,100
Feb,1000
Jan,100
Feb,1000
Jan,100
Feb,1000
Jan,100
Feb,1000
Jan,100
Feb,1000
Jan,100
Feb,1000
Jan,100
Feb,1000
Jan,100
Feb,1000
Jan,100
Feb,1000
Jan,100
Feb,1000
Jan,100
Feb,1000
Jan,100
Feb,1000
Jan,100
Feb,1000
Jan,100
Feb,1000
Jan,100
Feb,1000
Jan,100
Feb,1000
Jan,100
Feb,1000
Jan,100
Feb,1000
Jan,100
Feb,1000
Jan,100
Feb,1000
Jan,100
Feb,1000
Jan,100
Feb,1000
Jan,100
Feb,1000
Jan,100
Feb,1000
Jan,100
Feb,1000
Jan,100
Feb,1000
Jan,100
Feb,1000
Jan,100
Feb,1000
Jan,100
Feb,1000
Jan,100
Feb,1000
Jan,100
Feb,1000
Jan,100
Feb,1000
Jan,100
Feb,1000
Jan,100
Feb,1000
Jan,100
Feb,1000
Jan,100
Feb,1000
Jan,100
Feb,1000
Jan,100
Feb,1000
Jan,100
Feb,1000
Jan,100
Feb,1000
Jan,100
Feb,1000
Jan,100
Feb,1000
Jan,100
Feb,1000
Jan,100
Feb,1000
Jan,100
Feb,1000
Jan,100
Feb,1000
Jan,100
Feb,1000
Jan,100
Feb,1000
Jan,100
Feb,1000
Jan,100
Feb,1000
Jan,100
Feb,1000
Jan,100
Feb,1000
Jan,100
Feb,1000
Jan,100
Feb,1000
Jan,100
Feb,1000
Jan,100
Feb,1000
Jan,100
Feb,1000
Jan,100
Feb,1000
Jan,100
Feb,1000
Jan,100
Feb,1000
Jan,100
Feb,1000
Jan,100
Feb,1000
Jan,100
Feb,1000
